URL,Last crawled
https://buildwithfern.com/learn/ask-fern/features/custom-fa-qs,2025-10-07
https://buildwithfern.com/learn/ask-fern/api-reference/conversations/get-conversation,2025-10-07
https://buildwithfern.com/docs/getting-started,2025-10-06
https://buildwithfern.com/learn/sdks/generators/java/publishing-to-maven-central,2025-10-06
https://buildwithfern.com/learn/sdks/generators/php/publishing-to-packagist,2025-10-06
https://buildwithfern.com/learn/ai-search/custom-prompting,2025-10-06
https://buildwithfern.com/learn/ask-fern/configuration/custom-prompting,2025-10-06
https://buildwithfern.com/learn/sdks/generators/java/adding-custom-code,2025-10-06
https://buildwithfern.com/learn/ask-fern/api-reference/queries/get-recent-queries,2025-10-06
https://buildwithfern.com/api/users,2025-10-06
https://buildwithfern.com/learn/ask-fern/api-reference/conversations/get-conversation?explorer=true,2025-10-05
https://buildwithfern.com/discord/install,2025-10-05
https://buildwithfern.com/docs/integrations/postman,2025-10-05
https://buildwithfern.com/learn/ask-fern/api-reference/chat/chat-completion,2025-10-05
https://buildwithfern.com/learn/ask-fern/api-reference/queries/get-recent-queries?explorer=true,2025-10-05
https://buildwithfern.com/learn/docs/enterprise/self-hosted,2025-10-05
https://buildwithfern.com/learn/sdks/generators/tsconfig.json,2025-10-05
https://buildwithfern.com/learn/sdks/generators/typescript/publishing-to-npm,2025-10-05
https://buildwithfern.com/learn/ask-fern/api-reference/queries/create-query,2025-10-05
https://buildwithfern.com/learn/docs/integrations/feature-flags,2025-10-04
https://buildwithfern.com/learn/api-reference/sdk/generate/~explorer,2025-10-04
https://buildwithfern.com/learn/sdks/generators/tsconfig.base.json,2025-10-03
https://buildwithfern.com/learn/ask-fern/api-reference/analytics/get-insights,2025-10-03
https://buildwithfern.com/old-folder/path,2025-10-02
https://buildwithfern.com/github/,2025-10-02
https://buildwithfern.com/learn/sdks/generators/python/publishing-to-py-pi,2025-10-01
https://buildwithfern.com/learn/sdks/introduction/customer-showcase,2025-10-01
https://buildwithfern.com/learn/docs/customization/project-structure,2025-10-01
https://buildwithfern.com/chat/,2025-09-30
https://buildwithfern.com/learn/docs/api-references/api-explorer/advanced-configuration,2025-09-30
https://buildwithfern.com/guidance/,2025-09-29
https://api.buildwithfern.com/,2025-09-28
https://buildwithfern.com/learn/docs/alternatives/mintlify,2025-09-27
https://buildwithfern.com/header,2025-09-27
https://buildwithfern.com/index,2025-09-25
https://venus.buildwithfern.com/,2025-09-24
https://buildwithfern.com/learn/ask-fern/api-reference/chat/chat-completion?explorer=true,2025-09-24
https://buildwithfern.com/learn/docs/customization/frontmatter,2025-09-20
https://buildwithfern.com/learn/docs/developer-tools/gitlab,2025-09-19
https://api.buildwithfern.com/tokens/revoke,2025-09-10
https://buildwithfern.com/blog/how-merge-uses-fern-to-ship-sdks,2025-09-09
https://buildwithfern.com/learn/v2/cli-api-reference/snippets/example.ts,2025-09-08
https://buildwithfern.com/learn/sdks/reference/configuration,2025-09-08
https://buildwithfern.com/ask-fern/configuration/custom-prompting,2025-09-07
https://buildwithfern.com/github/domain/reference-md/index,2025-09-07
https://buildwithfern.com/docs/getting-started/quickstart,2025-09-05
https://buildwithfern.com/index/:domain/update,2025-09-05
https://buildwithfern.com/learn/v2/sdks/reference/asyncapi-overrides.yml,2025-09-05
https://buildwithfern.com/learn/v2/sdks/reference/openapi-overrides.yml,2025-09-05
https://buildwithfern.com/learn/v2/sdks/reference/asyncapi.yml,2025-09-05
https://buildwithfern.com/learn/v2/docs/components/CustomCard,2025-09-05
https://buildwithfern.com/learn/v2/sdks/reference/proto,2025-09-05
https://buildwithfern.com/learn/v2/sdks/reference/events.yml,2025-09-05
https://buildwithfern.com/learn/v2/_vercel/speed-insights/vitals,2025-09-05
https://buildwithfern.com/docs/customization/what-is-docs-yml,2025-09-05
https://api.buildwithfern.com/snippets/load?page=1,2025-09-05
https://buildwithfern.com/learn/v2/sdks/reference/conjure-api.yml,2025-09-05
https://buildwithfern.com/reference-md/index,2025-09-05
https://buildwithfern.com/learn/v2/sdks/generators/client,2025-09-05
https://buildwithfern.com/learn/v2/sdks/reference/openapi.yml,2025-09-04
https://buildwithfern.com/auth/login,2025-09-04
https://buildwithfern.com/learn/v2/_vercel/insights,2025-09-04
https://buildwithfern.com/conversations/:domain/:conversation_id,2025-09-04
https://buildwithfern.com/analytics/insights/domain,2025-09-04
https://buildwithfern.com/index/:domain,2025-09-04
https://www.buildwithfern.com/contact-archive?ref=https://githubhelp.com,2025-09-04
https://buildwithfern.com/queries,2025-09-04
https://buildwithfern.com/sdks/generators/mcp-server,2025-09-03
https://buildwithfern.com/sdks/generators/ruby/quickstart,2025-09-03
https://buildwithfern.com/guidance/domain/create,2025-09-03
https://buildwithfern.com/api-definitions/openapi/extensions/overview,2025-09-03
https://buildwithfern.com/learn/api-definition/openapi/webhooks,2025-09-03
https://buildwithfern.com/learn/api-definitions/openapi/webhooks,2025-09-03
https://buildwithfern.com/tokens,2025-09-03
https://fai.buildwithfern.com/index/domain/update?document_id=document_id&is_active=true&context=context&context=context&document=document,2025-09-03
https://buildwithfern.com/learn/sdks/guides/publish-to-package-managers/nuget,2025-09-03
https://buildwithfern.com/learn/v2/sdks/core,2025-09-03
https://buildwithfern.com/api-definition/openapi/frameworks/fastapi,2025-09-02
https://buildwithfern.com/load,2025-09-02
https://buildwithfern.com/learn/v2/docs/path/to/asset.pdf,2025-09-02
https://buildwithfern.com/document/domain/create,2025-09-01
https://buildwithfern.com/sdks/generators/java/custom-code,2025-09-01
https://buildwithfern.com/learn/docs/config/overview,2025-09-01
https://buildwithfern.com/analytics/histogram/domain,2025-09-01
https://buildwithfern.com/index/domain/update,2025-09-01
https://buildwithfern.com/document/:domain/:document_id,2025-09-01
https://buildwithfern.com/learn/api-definition/introduction,2025-09-01
https://buildwithfern.com/learn/api-definitions/ferndef/web-sockets,2025-09-01
https://buildwithfern.com/sdks/generators/go/custom-code,2025-09-01
https://buildwithfern.com/learn/docs/llms.txt8,2025-09-01
https://fai.buildwithfern.com/guidance/domain/create,2025-09-01
https://buildwithfern.com/learn/ask-fern/api-reference/index/get-document?explorer=true,2025-09-01
https://buildwithfern.com/docs/intro,2025-09-01
https://buildwithfern.com/learn/docs/getting-started/setting-up-your-domain,2025-09-01
https://buildwithfern.com/docs/navigation/products,2025-09-01
https://buildwithfern.com/learn/api-definitions/openapi/openapi.yml,2025-09-01
https://buildwithfern.com/tokens/revoke,2025-08-31
https://buildwithfern.com/learn/api-definition/openapi/streaming-and-sse,2025-08-31
https://buildwithfern.com/learn/ask-fern/api-reference/analytics/get-insights?explorer=true,2025-08-31
https://buildwithfern.com/index/domain,2025-08-31
https://buildwithfern.com/docs/navigation/versions,2025-08-31
https://buildwithfern.com/chat/domain,2025-08-31
https://buildwithfern.com/api/v1,2025-08-30
https://buildwithfern.com/guidance/domain,2025-08-30
https://buildwithfern.com/document/domain/document_id,2025-08-30
https://buildwithfern.com/learn/api-definition/openapi/audiences,2025-08-30
https://buildwithfern.com/insights/,2025-08-30
https://buildwithfern.com/api-definitions/openrpc/extensions/overview,2025-08-30
https://buildwithfern.com/bin/grpc_health_probe,2025-08-30
https://buildwithfern.com/conversations,2025-08-29
https://buildwithfern.com/queries/domain,2025-08-29
https://buildwithfern.com/document,2025-08-29
https://buildwithfern.com/guidance,2025-08-29
https://buildwithfern.com/integrations/overview,2025-08-28
https://www.buildwithfern.com/docs/intro?ref,2025-08-28
https://buildwithfern.com/create,2025-08-27
https://buildwithfern.com/dashboard,2025-08-26
https://buildwithfern.com/learn/api-definition/fern/web-sockets,2025-08-26
https://buildwithfern.com/pinecone.io,2025-08-26
https://buildwithfern.com/analytics,2025-08-26
https://buildwithfern.com/document/domain,2025-08-23
https://buildwithfern.com/document/:domain,2025-08-23
https://api.buildwithfern.com/tokens/generate,2025-08-22
https://fai.buildwithfern.com/conversations/:domain/:conversation_id,2025-08-21
https://buildwithfern.com/histogram/,2025-08-21
https://buildwithfern.com/learn/docs/content/frontmatter,2025-08-18
https://buildwithfern.com/docs/integrations/analytics/posthog,2025-08-18
https://buildwithfern.com/learn/docs/developer-tools/llms-txt,2025-08-18
https://buildwithfern.com/learn/cli-api/cli-reference,2025-08-17
https://buildwithfern.com/learn/docs/path/to/asset.pdf,2025-08-17
https://buildwithfern.com/learn/api-definitions/grpc/extensions/server-name,2025-08-17
https://buildwithfern.com/guidance/:domain,2025-08-17
https://buildwithfern.com/learn/api-definitions/grpc/extensions/timeout,2025-08-17
https://buildwithfern.com/learn/api-definitions/asyncapi/extensions/server-name,2025-08-17
https://buildwithfern.com/learn/api-definitions/openrpc/extensions/sdk-group-name,2025-08-17
https://fai.buildwithfern.com/index/:domain,2025-08-17
https://buildwithfern.com/learn/api-definitions/openrpc/extensions/examples,2025-08-17
https://buildwithfern.com/learn/docs/building-and-customizing-your-docs/custom-domain,2025-08-16
https://buildwithfern.com/learn/api-definitions/openrpc/extensions/retry,2025-08-16
https://buildwithfern.com/learn/docs/building-and-customizing-your-docs,2025-08-16
https://buildwithfern.com/learn/docs/building-your-docs/,2025-08-16
https://fai.buildwithfern.com/index/domain,2025-08-16
https://buildwithfern.com/queries/,2025-08-15
https://buildwithfern.com/learn/docs/content/visual-editor-beta,2025-08-15
https://buildwithfern.com/learn/sdks/package-managers/nuget,2025-08-14
https://buildwithfern.com/learn/cli-reference,2025-08-14
https://buildwithfern.com/learn/cli-api,2025-08-14
https://buildwithfern.com/learn/docs/content,2025-08-11
https://buildwithfern.com/analytics/insights/:domain,2025-08-10
https://buildwithfern.com/chat,2025-08-10
https://buildwithfern.com/update,2025-08-10
https://buildwithfern.com/learn/api-definition,2025-08-09
https://buildwithfern.com/conversations/domain/conversation_id,2025-08-08
https://fai.buildwithfern.com/,2025-08-08
https://buildwithfern.com/etc/ssl/private/server.key,2025-08-02
https://buildwithfern.com/etc/ssl/certs/staging.crt,2025-08-02
https://buildwithfern.com/learn/docs/developer-tools/llms-txt?trk=public_post_comment-text,2025-08-02
https://buildwithfern.com/learn/docs/building-your-docs/custom-domain,2025-08-01
https://buildwithfern.com/learn/api-definition/openapi/examples,2025-07-28
https://buildwithfern.com/learn/docs/components/tabs,2025-07-28
https://buildwithfern.com/tenants/,2025-07-27
https://buildwithfern.com/docs/content/components/schema-snippet,2025-07-26
https://buildwithfern.com/learn/cli-api-reference/cli-reference/changelog/2025/2/path/to/file.pdf,2025-07-26
https://buildwithfern.com/learn/docs/integrations/analytics/post-hog,2025-07-25
https://buildwithfern.com/sdks/fern-folder.mdx,2025-07-25
https://buildwithfern.com/learn/sdks/alternatives/speakeasy,2025-07-23
https://buildwithfern.com/learn/cli-reference/changelog/2025/7/7,2025-07-21
https://buildwithfern.com/learn/docs/getting-started/feature-highlights,2025-07-18
https://buildwithfern.com/learn/sdks/capabilities/server-sent-events],2025-07-16
https://buildwithfern.com/email,2025-07-15
https://buildwithfern.com/learn/ai-search/ai-search-customer-showcase,2025-07-11
https://buildwithfern.com/Danny,2025-07-09
https://buildwithfern.com/contact-archive?utm_source=flatfilers/f,2025-07-09
https://buildwithfern.com/learn`,2025-07-02
https://buildwithfern.com/learn/cli-reference/changelog/10,2025-07-02
https://buildwithfern.com/learn/cli-reference/changelog/12,2025-07-02
https://buildwithfern.com/learn/sdks/capabilities/auto-pagination],2025-07-02
https://blog.buildwithfern.com/tag/go,2025-06-23
https://buildwithfern.com/contact-archive?ref=https://coder.social,2025-06-18
https://blog.buildwithfern.com/p/how-candid-sped-up-api-development/comments,2025-06-18
https://api.buildwithfern.com/sdk/status/jobId,2025-06-18
https://buildwithfern.com/learn/snippets/example.ts,2025-06-14
https://blog.buildwithfern.com/tag/apis,2025-06-10
https://buildwithfern.com/learn/cli-reference/changelog/3,2025-06-04
https://buildwithfern.com/your/post/endpoint,2025-06-03
https://buildwithfern.com/api/fern-docs/preview?host,2025-05-31
https://beta.buildwithfern.com/post/creating-buildwithfern-com,2025-05-30
https://buildwithfern.com/docs/fdl,2025-05-30
https://buildwithfern.com/users,2025-05-30
https://buildwithfern.com/learn/cli-reference/changelog/4,2025-05-29
https://buildwithfern.com/application,2025-05-29
https://buildwithfern.com/learn/sdks/introduction/changelog/ts/2024/4/MyRequest,2025-05-29
https://buildwithfern.com/learn/api/api-reference/docs/generate,2025-05-28
https://buildwithfern.com/learn/docs/getting-started/feature-highlights/2025/1/14,2025-05-27
https://buildwithfern.com/$,2025-05-26
https://buildwithfern.com/learn/docs/changelog/2025/4/29,2025-05-26
https://buildwithfern.com/learn/docs/getting-started/feature-highlights/2024/7/30,2025-05-26
https://buildwithfern.com/snippets/load,2025-05-26
https://buildwithfern.com/Fern,2025-05-26
https://buildwithfern.com/learn/docs/content/components/all-about-ferns.pdf,2025-05-26
https://buildwithfern.com/learn/docs/content/components/path/to/asset.pdf,2025-05-26
https://buildwithfern.com/pages/ai-search/features/custom-prompting,2025-05-26
https://buildwithfern.com/docs/building-your-docs/versioning,2025-05-26
https://buildwithfern.com/learn/docs/building-and-customizing-your-docs/docs/pages/quick-start.mdx,2025-05-26
https://buildwithfern.com/tos?utm_source=mercoa-finance/python/readme,2025-05-26
https://buildwithfern.com/generate,2025-05-25
https://buildwithfern.com/learn/sdks/client,2025-05-25
https://buildwithfern.com/learn/docs/getting-started/feature-highlights/2024/6/25,2025-05-25
https://buildwithfern.com/snippets,2025-05-25
https://buildwithfern.com/learn/docs/getting-started/feature-highlights/2024/3/24,2025-05-25
https://buildwithfern.com/learn/docs/getting-started/feature-highlights/2024/11/27,2025-05-25
https://buildwithfern.com/snippets/peace-lily.mdx,2025-05-25
https://buildwithfern.com/docs/building-your-docs/product-switcher,2025-05-25
https://buildwithfern.com/v1/search,2025-05-25
https://buildwithfern.com/docs/comparison-with-openapi,2025-05-25
https://buildwithfern.com/learn/sdks/introduction/changelog/csharp/11,2025-05-24
https://primer.buildwithfern.com/introduction/authentication,2025-05-24
https://buildwithfern.com/status/,2025-05-24
https://buildwithfern.com/v1,2025-05-24
https://buildwithfern.com/learn/docs/getting-started/feature-highlights/2024/10/31,2025-05-24
https://buildwithfern.com/learn/docs/getting-started/feature-highlights/2024/8/20,2025-05-24
https://buildwithfern.com/redoc,2025-05-23
https://buildwithfern.com/learn/docs/getting-started/feature-highlights/2024/12/30,2025-05-23
https://buildwithfern.com/learn/api-definition/fern/comparison-with-open-api,2025-05-23
https://buildwithfern.com/learn/docs/getting-started/changelog/2025/1/path/to/asset.pdf,2025-05-23
https://buildwithfern.com/learn/cli-reference/path/to/file.pdf,2025-05-22
https://buildwithfern.com/users/{userId},2025-05-22
https://buildwithfern.com/reb2b.js.gz,2025-05-22
https://www.buildwithfern.com/reb2b.js.gz,2025-05-22
https://buildwithfern.com/pages/ai-search/features/citations,2025-05-20
https://blog.buildwithfern.com/candid,2025-05-20
https://buildwithfern.com/learn/docs/getting-started/feature-highlights/2025/1/21,2025-05-18
https://buildwithfern.com/sdk/status/jobId,2025-05-18
https://buildwithfern.com/learn/docs/getting-started/feature-highlights/2025/2/4,2025-05-17
https://buildwithfern.com/privacy?Dt3JNb=b21i7soJgdcce,2025-05-17
https://buildwithfern.com/learn/docs/getting-started/feature-highlights/2024/9/24,2025-05-16
https://buildwithfern.com/docs/api-reference/list-available-models,2025-05-16
https://buildwithfern.com/sdk/generate,2025-05-16
https://buildwithfern.com/post/creating-buildwithfern-com,2025-05-16
https://api.buildwithfern.com/sdk/status/:jobId,2025-05-11
https://api.buildwithfern.com/sdk/generate,2025-05-09
https://blog.buildwithfern.com/feed.xml,2025-05-08
https://buildwithfern.com/learn/ai-search/getting-started/ai-search-customer-showcase,2025-05-08
http://buildwithfern.com/tos/,2025-05-07
https://api.buildwithfern.com/snippets/load?page=1?page%3D1,2025-05-05
https://buildwithfern.com/learn/cli-api/api-reference/tokens/generate,2025-05-05
https://billing.buildwithfern.com/v1/,2025-05-03
https://buildwithfern.com/learn/docs/components/CustomCard,2025-04-29
https://buildwithfern.com/tos,2025-04-29
https://buildwithfern.com/learn/overview/define-your-api/openapi/extensions,2025-04-28
https://buildwithfern.com/learn/cli-reference/changelog/1,2025-04-22
https://blog.buildwithfern.com/tag/[slug],2025-04-22
https://buildwithfern.com/contact-archive?utm_source=getzep/zep-js/readme,2025-04-22
https://buildwithfern.com/incorrect/:slug*,2025-04-21
https://buildwithfern.com/docs/compiler/generators,2025-04-20
https://buildwithfern.com/docs/spec/extensions,2025-04-19
https://buildwithfern.com/learn/sdks/src,2025-04-19
https://buildwithfern.com/correct/:slug*,2025-04-18
https://buildwithfern.com/learn/cli-api/api-reference/tokens,2025-04-16
https://buildwithfern.com/learn/cli-api/api-reference/overview,2025-04-13
https://blog.buildwithfern.com/cohere,2025-04-12